{
  "classes": [
    "Early_blight",
    "Late_blight",
    "healthy"
  ],
  "confusion_matrix": [
    [
      484,
      1,
      0
    ],
    [
      0,
      485,
      0
    ],
    [
      0,
      0,
      456
    ]
  ],
  "per_class_accuracy": [
    0.9979381443298969,
    1.0,
    1.0
  ],
  "overall_accuracy": 0.9992987377279102
}