{
  "val_loss": [
    0.0015725485572233135
  ],
  "val_acc": [
    0.9992987377279102
  ]
}