{
  "classes": [
    "Apple",
    "Blueberry",
    "Cherry_(including_sour)",
    "Corn_(maize)",
    "Grape",
    "Orange",
    "Peach",
    "Pepper,_bell",
    "Potato",
    "Raspberry",
    "Soybean",
    "Squash",
    "Strawberry",
    "Tomato"
  ],
  "confusion_matrix": [
    [
      1857,
      6,
      1,
      37,
      0,
      3,
      22,
      2,
      8,
      0,
      0,
      0,
      0,
      7
    ],
    [
      3,
      450,
      0,
      0,
      0,
      1,
      0,
      0,
      0,
      0,
      0,
      0,
      0,
      0
    ],
    [
      7,
      0,
      869,
      0,
      0,
      0,
      0,
      0,
      0,
      0,
      1,
      0,
      0,
      0
    ],
    [
      0,
      0,
      0,
      1829,
      0,
      0,
      0,
      0,
      0,
      0,
      0,
      0,
      0,
      0
    ],
    [
      0,
      0,
      0,
      0,
      1802,
      0,
      2,
      0,
      0,
      0,
      0,
      0,
      0,
      1
    ],
    [
      0,
      0,
      0,
      0,
      0,
      503,
      0,
      0,
      0,
      0,
      0,
      0,
      0,
      0
    ],
    [
      0,
      0,
      0,
      3,
      0,
      1,
      886,
      0,
      0,
      0,
      0,
      0,
      0,
      1
    ],
    [
      0,
      0,
      0,
      0,
      0,
      2,
      1,
      972,
      0,
      0,
      0,
      0,
      0,
      0
    ],
    [
      6,
      2,
      0,
      0,
      0,
      0,
      0,
      1,
      1415,
      0,
      2,
      0,
      0,
      0
    ],
    [
      0,
      0,
      0,
      0,
      0,
      0,
      0,
      0,
      1,
      443,
      0,
      0,
      0,
      1
    ],
    [
      2,
      0,
      0,
      0,
      0,
      0,
      0,
      0,
      0,
      0,
      503,
      0,
      0,
      0
    ],
    [
      0,
      0,
      0,
      1,
      0,
      0,
      0,
      0,
      0,
      0,
      0,
      433,
      0,
      0
    ],
    [
      6,
      0,
      0,
      3,
      0,
      0,
      0,
      0,
      0,
      1,
      0,
      0,
      889,
      1
    ],
    [
      2,
      2,
      0,
      23,
      0,
      3,
      2,
      2,
      33,
      0,
      1,
      0,
      0,
      4517
    ]
  ],
  "per_class_accuracy": [
    0.9557385486361297,
    0.9911894273127754,
    0.9908779931584949,
    1.0,
    0.9983379501385041,
    1.0,
    0.9943883277216611,
    0.9969230769230769,
    0.9922861150070126,
    0.9955056179775281,
    0.996039603960396,
    0.9976958525345622,
    0.9877777777777778,
    0.9851690294438386
  ],
  "overall_accuracy": 0.9883906214432051
}