{
  "train_loss": [
    1.1228514823798936,
    0.9221498133176522,
    0.8583497328730767,
    0.8240421287649191,
    0.817706248346268,
    0.8000408728687087,
    0.7885934649986464,
    0.7762455344479948,
    0.7758886323204776,
    0.7643548180058294,
    0.7534072525700174,
    0.7685232165443311,
    0.769298470356919,
    0.7357788824044723,
    0.7469686211270504
  ],
  "train_acc": [
    0.7647201081157977,
    0.7996016786400171,
    0.799971548474287,
    0.8250657941532115,
    0.8191194252791806,
    0.8339426701756881,
    0.8394195888754534,
    0.8337435094956968,
    0.8366028878298599,
    0.8351091827299238,
    0.8200440998648553,
    0.8372288213955473,
    0.8326765772814567,
    0.8367451454584252,
    0.8436019631552742
  ],
  "val_loss": [
    0.4327511343602138,
    0.25305961501535945,
    0.2104023752588632,
    0.26167662231085814,
    0.09633384261771294,
    0.1301957257354881,
    0.11059906665340062,
    0.10166946523130659,
    0.10557318038538,
    0.15705639485167175,
    0.08887778154974806,
    0.11937412828709036,
    0.09497415376057555,
    0.10215105881268739,
    0.0798656261360051
  ],
  "val_acc": [
    0.9547006601411336,
    0.9745618028681994,
    0.979512861370362,
    0.978829956749374,
    0.9875369906669702,
    0.9787161393125426,
    0.9829273844753016,
    0.9883906214432051,
    0.9955611199635784,
    0.9838948326883679,
    0.9954473025267471,
    0.98924425221944,
    0.9915206009560664,
    0.9771796039153198,
    0.9883906214432051
  ]
}