{
  "classes": [
    "Apple",
    "Blueberry",
    "Cherry_(including_sour)",
    "Corn_(maize)",
    "Grape",
    "Orange",
    "Peach",
    "Pepper,_bell",
    "Potato",
    "Raspberry",
    "Soybean",
    "Squash",
    "Strawberry",
    "Tomato"
  ],
  "confusion_matrix": [
    [
      1920,
      5,
      0,
      3,
      0,
      1,
      3,
      0,
      10,
      0,
      0,
      0,
      0,
      1
    ],
    [
      0,
      453,
      0,
      0,
      0,
      0,
      0,
      0,
      1,
      0,
      0,
      0,
      0,
      0
    ],
    [
      5,
      0,
      860,
      2,
      0,
      7,
      0,
      3,
      0,
      0,
      0,
      0,
      0,
      0
    ],
    [
      4,
      0,
      0,
      1825,
      0,
      0,
      0,
      0,
      0,
      0,
      0,
      0,
      0,
      0
    ],
    [
      0,
      0,
      0,
      0,
      1802,
      0,
      0,
      0,
      0,
      0,
      0,
      0,
      1,
      2
    ],
    [
      0,
      0,
      0,
      0,
      0,
      503,
      0,
      0,
      0,
      0,
      0,
      0,
      0,
      0
    ],
    [
      4,
      0,
      0,
      1,
      0,
      0,
      884,
      2,
      0,
      0,
      0,
      0,
      0,
      0
    ],
    [
      2,
      1,
      0,
      1,
      0,
      4,
      0,
      967,
      0,
      0,
      0,
      0,
      0,
      0
    ],
    [
      2,
      0,
      0,
      0,
      0,
      2,
      0,
      0,
      1421,
      0,
      0,
      0,
      0,
      1
    ],
    [
      0,
      0,
      1,
      0,
      0,
      0,
      0,
      1,
      4,
      435,
      0,
      0,
      4,
      0
    ],
    [
      6,
      0,
      0,
      0,
      0,
      2,
      0,
      0,
      9,
      0,
      488,
      0,
      0,
      0
    ],
    [
      0,
      0,
      0,
      7,
      2,
      0,
      0,
      0,
      0,
      0,
      0,
      424,
      0,
      1
    ],
    [
      0,
      0,
      0,
      0,
      0,
      0,
      0,
      0,
      1,
      0,
      0,
      0,
      898,
      1
    ],
    [
      1,
      0,
      0,
      8,
      0,
      0,
      1,
      1,
      23,
      0,
      0,
      0,
      0,
      4551
    ]
  ],
  "per_class_accuracy": [
    0.9881626351003603,
    0.9977973568281938,
    0.9806157354618016,
    0.9978130125751777,
    0.9983379501385041,
    1.0,
    0.9921436588103255,
    0.9917948717948718,
    0.9964936886395512,
    0.9775280898876404,
    0.9663366336633663,
    0.9769585253456221,
    0.9977777777777778,
    0.9925845147219193
  ],
  "overall_accuracy": 0.9919758707033918
}