{
  "val_loss": [
    0.02785148755153232
  ],
  "val_acc": [
    0.9919758707033918
  ]
}