{
  "classes": [
    "Bacterial_spot",
    "Early_blight",
    "Late_blight",
    "Leaf_Mold",
    "Septoria_leaf_spot",
    "Spider_mites Two-spotted_spider_mite",
    "Target_Spot",
    "Tomato_Yellow_Leaf_Curl_Virus",
    "Tomato_mosaic_virus",
    "healthy"
  ],
  "confusion_matrix": [
    [
      420,
      0,
      2,
      0,
      1,
      0,
      0,
      1,
      0,
      1
    ],
    [
      1,
      459,
      4,
      0,
      9,
      1,
      2,
      0,
      2,
      2
    ],
    [
      0,
      7,
      451,
      0,
      4,
      0,
      0,
      0,
      0,
      1
    ],
    [
      0,
      0,
      1,
      463,
      2,
      0,
      1,
      0,
      3,
      0
    ],
    [
      0,
      1,
      3,
      2,
      427,
      0,
      1,
      0,
      1,
      1
    ],
    [
      0,
      0,
      0,
      2,
      0,
      422,
      9,
      0,
      2,
      0
    ],
    [
      0,
      2,
      0,
      0,
      6,
      14,
      418,
      0,
      7,
      10
    ],
    [
      2,
      0,
      0,
      0,
      0,
      0,
      0,
      486,
      2,
      0
    ],
    [
      0,
      0,
      0,
      0,
      0,
      0,
      0,
      0,
      448,
      0
    ],
    [
      0,
      0,
      1,
      0,
      0,
      0,
      0,
      0,
      1,
      479
    ]
  ],
  "per_class_accuracy": [
    0.9882352941176471,
    0.95625,
    0.9740820734341252,
    0.9851063829787234,
    0.9793577981651376,
    0.9701149425287356,
    0.9146608315098468,
    0.9918367346938776,
    1.0,
    0.9958419958419958
  ],
  "overall_accuracy": 0.9755725190839695
}