{
  "val_loss": [
    0.07628898747707641
  ],
  "val_acc": [
    0.9755725190839695
  ]
}