{
  "classes": [
    "Cercospora_leaf_spot Gray_leaf_spot",
    "Common_rust_",
    "Northern_Leaf_Blight",
    "healthy"
  ],
  "confusion_matrix": [
    [
      395,
      0,
      15,
      0
    ],
    [
      1,
      475,
      1,
      0
    ],
    [
      13,
      0,
      464,
      0
    ],
    [
      0,
      0,
      1,
      464
    ]
  ],
  "per_class_accuracy": [
    0.9634146341463414,
    0.9958071278825996,
    0.9727463312368972,
    0.9978494623655914
  ],
  "overall_accuracy": 0.9830508474576272
}