{
  "val_loss": [
    0.04682265728570238
  ],
  "val_acc": [
    0.9830508474576272
  ]
}