{
  "classes": [
    "Black_rot",
    "Esca_(Black_Measles)",
    "Leaf_blight_(Isariopsis_Leaf_Spot)",
    "healthy"
  ],
  "confusion_matrix": [
    [
      472,
      0,
      0,
      0
    ],
    [
      2,
      478,
      0,
      0
    ],
    [
      0,
      0,
      430,
      0
    ],
    [
      0,
      0,
      0,
      423
    ]
  ],
  "per_class_accuracy": [
    1.0,
    0.9958333333333333,
    1.0,
    1.0
  ],
  "overall_accuracy": 0.9988919667590028
}