{
  "train_loss": [
    0.3817288226568445,
    0.29611718142933874,
    0.2594623652270579,
    0.2676174910287717,
    0.24424041727208565,
    0.2525086181789711,
    0.2829116133648548,
    0.23310922254939526,
    0.23666234647664824,
    0.2182667584394986,
    0.2508411777316152,
    0.2020807502607136
  ],
  "train_acc": [
    0.631542509000277,
    0.6023262254223207,
    0.5851564663528108,
    0.5685405704790917,
    0.6757130988645804,
    0.6117418997507615,
    0.6386042647466076,
    0.6063417335918029,
    0.6260038770423705,
    0.6333425643865965,
    0.629880919412905,
    0.6602049293824426
  ],
  "val_loss": [
    0.18427611531643326,
    0.2054119625949195,
    0.10368898698796938,
    0.10067641741268522,
    0.043436432967460366,
    0.09263288179345408,
    0.10326548240733155,
    0.0594240046557751,
    0.04944161560768236,
    0.0323111839281586,
    0.020564447280659322,
    0.030903079098611657
  ],
  "val_acc": [
    0.9839335180055402,
    0.9451523545706371,
    0.9828254847645429,
    0.9650969529085872,
    0.9977839335180055,
    0.9905817174515236,
    0.9717451523545706,
    0.9944598337950139,
    0.9939058171745152,
    0.9983379501385041,
    0.9983379501385041,
    0.9988919667590028
  ]
}