{
  "classes": [
    "Early_blight",
    "Late_blight",
    "healthy"
  ],
  "confusion_matrix": [
    [
      483,
      1,
      1
    ],
    [
      0,
      485,
      0
    ],
    [
      0,
      4,
      452
    ]
  ],
  "per_class_accuracy": [
    0.9958762886597938,
    1.0,
    0.9912280701754386
  ],
  "overall_accuracy": 0.9957924263674615
}