{
  "train_loss": [
    0.33171265311761305,
    0.32196710867364964,
    0.24079463065653173,
    0.25484686177250054,
    0.24091534791641678,
    0.25406180390900623,
    0.2244247007410763,
    0.275021747734642,
    0.2173044720957966,
    0.22511973796769721,
    0.2756959647724228,
    0.23608860479336544
  ],
  "train_acc": [
    0.6627499123114696,
    0.6866011925640126,
    0.6550333216415293,
    0.5668186601192564,
    0.6282006313574184,
    0.7246580147316731,
    0.6511750263065591,
    0.6529287969133637,
    0.6638021746755525,
    0.6634514205541915,
    0.6683619782532445,
    0.6599438793405823
  ],
  "val_loss": [
    0.15851508039813933,
    0.08012873833270176,
    0.040836727118634245,
    0.05841438808748799,
    0.07175311521427159,
    0.19793841518660246,
    0.06637678203939723,
    0.06549562430623161,
    0.08967766788530818,
    0.06428933817616352,
    0.06497290741970964,
    0.09569018360796851
  ],
  "val_acc": [
    0.9495091164095372,
    0.9740532959326789,
    0.9978962131837307,
    0.9908835904628331,
    0.9978962131837307,
    0.9943899018232819,
    0.9971949509116409,
    0.9978962131837307,
    0.9894810659186536,
    0.9985974754558204,
    0.9943899018232819,
    0.9957924263674615
  ]
}