{
  "classes": [
    "Apple_scab",
    "Black_rot",
    "Cedar_apple_rust",
    "healthy"
  ],
  "confusion_matrix": [
    [
      504,
      0,
      0,
      0
    ],
    [
      0,
      497,
      0,
      0
    ],
    [
      0,
      0,
      439,
      1
    ],
    [
      0,
      0,
      0,
      502
    ]
  ],
  "per_class_accuracy": [
    1.0,
    1.0,
    0.9977272727272727,
    1.0
  ],
  "overall_accuracy": 0.9994853319608852
}