{
  "val_loss": [
    0.0017667744060537245
  ],
  "val_acc": [
    0.9994853319608852
  ]
}