{
  "classes": [
    "Apple_scab",
    "Black_rot",
    "Cedar_apple_rust",
    "healthy"
  ],
  "confusion_matrix": [
    [
      498,
      5,
      0,
      1
    ],
    [
      0,
      497,
      0,
      0
    ],
    [
      0,
      2,
      437,
      1
    ],
    [
      0,
      0,
      0,
      502
    ]
  ],
  "per_class_accuracy": [
    0.9880952380952381,
    1.0,
    0.9931818181818182,
    1.0
  ],
  "overall_accuracy": 0.9953679876479671
}