{
  "train_loss": [
    0.40545376339499944,
    0.3325408596304328,
    0.2926923505136876,
    0.2889494850201859,
    0.26562338217559844,
    0.31822666056428295,
    0.2589995127217179,
    0.28306364035179926,
    0.2546193870857095,
    0.26167811357849213,
    0.23692204005066594,
    0.24070210943365017
  ],
  "train_acc": [
    0.6291339595933599,
    0.6140779822416678,
    0.5519238193282717,
    0.5891133702226226,
    0.6722429545747008,
    0.5982499034873247,
    0.6131771972719083,
    0.6421309998713164,
    0.6145927165101016,
    0.6577017114914425,
    0.6308068459657702,
    0.6338952515763737
  ],
  "val_loss": [
    0.23791179883452462,
    0.11865567358338182,
    0.11402736027349732,
    0.06421486974242793,
    0.034428609640548904,
    0.09292834517855161,
    0.0639317071336603,
    0.16945199110860132,
    0.07790168652783579,
    0.035104718431734544,
    0.045278998159880623,
    0.037731830045538685
  ],
  "val_acc": [
    0.9644879053010808,
    0.9866186309830159,
    0.9835306227483274,
    0.9922799794132784,
    0.9953679876479671,
    0.9845599588265569,
    0.9871332990221308,
    0.9521358723623263,
    0.9881626351003603,
    0.993309315491508,
    0.9953679876479671,
    0.9953679876479671
  ]
}