{
  "classes": [
    "Bacterial_spot",
    "healthy"
  ],
  "confusion_matrix": [
    [
      458,
      1
    ],
    [
      0,
      432
    ]
  ],
  "per_class_accuracy": [
    0.9978213507625272,
    1.0
  ],
  "overall_accuracy": 0.9988776655443322
}