{
  "val_loss": [
    0.001290557799803444
  ],
  "val_acc": [
    0.9988776655443322
  ]
}