{
  "classes": [
    "Bacterial_spot",
    "Early_blight",
    "Late_blight",
    "Leaf_Mold",
    "Septoria_leaf_spot",
    "Spider_mites Two-spotted_spider_mite",
    "Target_Spot",
    "Tomato_Yellow_Leaf_Curl_Virus",
    "Tomato_mosaic_virus",
    "healthy"
  ],
  "confusion_matrix": [
    [
      421,
      0,
      1,
      0,
      3,
      0,
      0,
      0,
      0,
      0
    ],
    [
      2,
      410,
      65,
      0,
      2,
      0,
      1,
      0,
      0,
      0
    ],
    [
      1,
      0,
      458,
      0,
      3,
      0,
      0,
      0,
      0,
      1
    ],
    [
      21,
      35,
      205,
      174,
      4,
      4,
      20,
      6,
      1,
      0
    ],
    [
      17,
      4,
      7,
      0,
      404,
      0,
      3,
      0,
      0,
      1
    ],
    [
      0,
      0,
      4,
      0,
      0,
      421,
      9,
      0,
      1,
      0
    ],
    [
      10,
      1,
      9,
      0,
      1,
      2,
      434,
      0,
      0,
      0
    ],
    [
      5,
      0,
      3,
      0,
      0,
      0,
      0,
      482,
      0,
      0
    ],
    [
      0,
      2,
      1,
      0,
      0,
      2,
      3,
      0,
      440,
      0
    ],
    [
      0,
      0,
      10,
      0,
      0,
      3,
      7,
      0,
      0,
      461
    ]
  ],
  "per_class_accuracy": [
    0.9905882352941177,
    0.8541666666666666,
    0.9892008639308856,
    0.3702127659574468,
    0.926605504587156,
    0.967816091954023,
    0.949671772428884,
    0.9836734693877551,
    0.9821428571428571,
    0.9584199584199584
  ],
  "overall_accuracy": 0.8953107960741549
}