{
  "train_loss": [
    0.792921121044424,
    0.5748096249658492,
    0.5614674243644493,
    0.5168555574907403,
    0.4800694501962087,
    0.5146457534948449,
    0.4579892222840379,
    0.4902569530412461,
    0.42528733746431674,
    0.43969891377059406,
    0.4088852216856913,
    0.40729363145442254
  ],
  "train_acc": [
    0.48329245025892614,
    0.48492777323521397,
    0.5170346143363315,
    0.5335513763968384,
    0.54227309893704,
    0.5384028345598255,
    0.590569637503407,
    0.5154538021259198,
    0.5359498500953939,
    0.5436358680839466,
    0.5264649768329245,
    0.5902970836740257
  ],
  "val_loss": [
    0.2635830585526926,
    0.31587050683235784,
    0.3250959981391318,
    0.42869858486311774,
    0.15649868011994605,
    0.188957923915615,
    0.2041274100607068,
    0.16788893435861318,
    0.14900775396446886,
    0.07312015581189481,
    0.12231793016552796,
    0.3402700645680516
  ],
  "val_acc": [
    0.9269356597600873,
    0.9214830970556162,
    0.9057797164667394,
    0.8700109051254089,
    0.9668484187568157,
    0.9544165757906216,
    0.9563794983642312,
    0.948309705561614,
    0.9583424209378408,
    0.9805888767720828,
    0.9714285714285714,
    0.8953107960741549
  ]
}