{
  "train_loss": [
    0.18455431866402247,
    0.0651743111804311,
    0.049581464843679965,
    0.05269240410933545,
    0.04551167761148754
  ],
  "train_acc": [
    0.9456291343623302,
    0.9799416743722882,
    0.985617753752045,
    0.9841809517035351,
    0.987139910377694
  ],
  "val_loss": [
    0.17126950967184448,
    0.10550925129804853,
    0.050912618781449336,
    0.08780588738512757,
    0.03023552739762807
  ],
  "val_acc": [
    0.9527657637150011,
    0.9675620305030731,
    0.9856590029592533,
    0.9723423628499887,
    0.9914067835192352
  ]
}